"","none","deterministic truncation","adaptive truncation","isotonic regression"
"bias",0.791561909577096,0.219194350746464,0.149886419228331,0.0281454286257127
"RMSE",0.857558929731816,0.440107072620378,0.600234763732483,1.11795762141045
