"","none","deterministic truncation","adaptive truncation","isotonic regression"
"bias",0.772857744432645,0.269534477831025,0.20845249177579,0.0998484029484564
"RMSE",0.841980613069223,0.744309508064472,0.783798119464466,0.895410088356955
