"","none","deterministic truncation","adaptive truncation","isotonic regression"
"bias",0.00448254043662524,0.00432654310052585,0.00358428036340368,0.00645131006727197
"RMSE",0.245983598889411,0.245723057081182,0.243944970509692,0.250480679445128
