"","none","deterministic truncation","adaptive truncation","isotonic regression"
"bias",0.812829065452558,0.287902716703348,0.212815304620612,0.0863599206233496
"RMSE",1.38532473914775,0.946670357105876,1.09354731107357,1.62669830283922
