"","none","deterministic truncation","adaptive truncation","isotonic regression"
"bias",0.0212576025216278,0.00748456640614221,0.00780294107702889,0.00697755147566998
"RMSE",0.191648363805414,0.146859013704869,0.141601707209242,0.16636660960747
