"","none","deterministic truncation","adaptive truncation","isotonic regression"
"bias",0.775637356824749,0.268093101373218,0.20661364154223,0.0978235353569042
"RMSE",0.875298307297094,0.691219279591545,0.784472767410644,0.883654982492435
