"","none","deterministic truncation","adaptive truncation","isotonic regression"
"bias",0.128886374391527,0.00915627389248889,0.00988641376960491,0.0071001398072869
"RMSE",0.263385209004897,0.232953427194261,0.230759882965449,0.234783390914338
