"","none","deterministic truncation","adaptive truncation","isotonic regression"
"bias",0.0708020894742951,0.0125537190880535,0.0129510767889479,0.0106194812355982
"RMSE",0.581583895954842,0.660546341352982,0.652710932030848,0.670965367148188
